,likes,replies,retweets,text,timestamp,user
0,14,0,5,"#tizibika I'm in love 
Zambian productions really making me proud.",2018-02-14 22:41:18,Talu_starzz
1,2,1,0,We going places.  #Tizibika #eddieTheRapper,2018-02-14 5:56:20,wrsikabuli
2,6,0,2,...S/O to @arushapot for directing #Tizibika !! Another #Zimandola doing great things!,2018-02-13 22:27:26,kryticismusic
3,1,0,0,#Tizibika something giving me another reason to be glued to Zambezi magic.,2018-02-13 20:28:19,khristine_phiri
4,0,1,0,Just watching The First Episode Of #Tizibika ,2018-02-13 20:23:54,TongaPrince
5,0,0,0,"Shes right, rich people dont go to salis, they get people like me to go for them ""vintage"" lovers. #Tizibika",2018-02-13 20:13:27,Yoko3485
6,2,0,0,"#Tizibika  Slay queens, bragging but you just being kept ",2018-02-13 20:11:59,KeithMpuya
7,1,1,0,Why are they showing a repeat of #Tizibika ? Thought today was episode 2?,2018-02-13 20:05:43,HoneyJewel9
8,0,0,1,#Tizibika ,2018-02-13 20:02:25,Im_Ms_Waps
9,18,2,5,"What would you be doing this Thursday night at 22:00 CAT? #ThandieTizibika and #WeziTizibika would love to hang out with you.
So, don't leave the ladies waiting. You know it's time for #Tizibika and you know the channel.
#ZambeziMagic",2018-02-13 14:55:48,zambezimagictv
10,17,2,2,"I really had fun playing 'Eddie the rapper 'on #Tizibika ,I believe more big things are yet to come this year,all I ask for is patience ,big things yet to come ",2018-02-13 13:21:43,Mtrain187
11,0,1,0,How about I watch it on znbc explain when you watch #tizibika on nick jr,2018-02-12 21:55:37,SlimPandaBear
12,3,0,3,#Tizibika https://twitter.com/PRGirlMedia/status/963073020255457280 …,2018-02-12 18:19:19,MaceWimbu
13,3,0,2,Listening to @jeSuis_Amy & @KatongoChiluba on hot fm spreading good vibes #Tizibika,2018-02-12 6:13:26,Komana_MN
14,30,0,5,Such a pleasure working with @KatongoChiluba on #Tizibika #ZambeziMagic  ... she made my job easy #makeup #mua #muaZambiapic.twitter.com/u0P7fk7a8j,2018-02-12 5:47:16,kathlyn_47
15,3,1,2,#Salute my talent/acting agent @chembomusic ... God's favorite is in both these joints #Fever #Tizibika https://twitter.com/chembomusic/status/960617280517353472 …,2018-02-05 21:10:46,ZambiazHarshTag
16,20,0,7,"BTW, #Fever starts tomorrow! I never got to see season one. Gonna be watching all Zambian shows this year. Also #tizibika on the 8th!! #Zambia the more the merrier. ",2018-02-05 20:53:01,chembomusic
17,1,0,1,"Slay queening reloaded,3 more days,Dstv Channel 160. #zmtizibika #tizibika #zambezimagic #dstv… https://www.instagram.com/p/Be0PHQtgU4q/ ",2018-02-05 13:10:42,Ericmuleproduct
18,5,1,5,#tizibika 8th February at 22hrs on @zambezimagictvpic.twitter.com/YtTqHORj7d,2018-02-05 7:33:04,ItatiDzekedzeke
19,15,0,10,#tizibika pic.twitter.com/YStEqqRkq6,2018-02-05 5:55:20,tozy_b
20,5,0,1,8th February at 22hrs on @zambezimagictv #tizibika pic.twitter.com/iAkUpYJo5x,2018-02-04 6:33:31,tozy_b
21,1,0,0,#tizibika do not miss it only on zambezi magic channel 160. 22:00 on the 8th February,2018-02-03 11:24:28,Dollmulenga
22,1,2,0,So i finally got to meet the genius behind #Tizibika @tozy_b  #ZEDKubeka,2018-02-18 19:34:45,shebemissrumsey
23,1,0,0,Its official Thursday is my favorite day in the week because of #Tizibika  at 22:00 .. work until 17 Nap at 19 wake up at 21 watch at 22 program yalipang'ika akale,2018-02-18 11:45:03,mule_mula
24,0,0,0,ba Charles #tizibika,2018-02-18 11:40:30,mule_mula
25,1,0,1,I've watched #Tizibika  just for 45secs and am laughing this hard no man,2018-02-18 11:14:41,mule_mula
26,1,0,1,OK #Tizibika is the one  sex tape ndiyefichani ati aliyi recorder alechita #deadfordays,2018-02-18 11:13:33,mule_mula
27,5,0,2,when #Tizibika loads on catch up its a blissful feeling ,2018-02-18 11:12:16,mule_mula
28,3,0,0,"Am officially Bashi Femi by profession..lol..thanks ladies,missed you too. #Tizibika #ZambeziMagictv #ZEDKubekahttps://twitter.com/tozy_b/status/964972303661625344 …",2018-02-18 6:41:46,Ericmuleproduct
29,0,0,1,yess we really should have a #Tizibika turn up night... It's long overdue,2018-02-18 6:26:49,queen_dimpled
30,2,0,0,"Ehh these new Zambian shows are quite interesting 

#Tizibika #WeziAndThandie
#Zuba",2018-02-18 2:27:16,Namy_xo
31,18,0,3,"Going through final edits of #tizibika. I keep pinching myself, i can't believe it's almost time. ",2018-01-30 17:40:44,tozy_b
32,1,0,0,"Over 1000 views  thanks @Macky2umupondo. Hope you'll be watching.

#tizibika pic.twitter.com/FgQITrR4m3",2018-01-30 14:29:39,tozy_b
33,1,0,0,#tizibika pic.twitter.com/Ka9M6AZlw2,2018-01-30 4:59:37,Dollmulenga
34,0,0,0,Don't miss the drama in #Tizibika on Zambezi magic channel 160. On the 8th of February at 22:00,2018-01-29 17:16:06,Dollmulenga
35,10,0,4,"Learn all about slay queens,8th February,22:00 on #ZambeziMagic Dstv channel 160.. #Tizibika #slayqueening101pic.twitter.com/6c7nFRoDFI",2018-01-29 13:28:29,Ericmuleproduct
36,2,0,1,"Something fresh,something new..make a date!!.. 8th February #tizibika https://fb.me/1nG4BYabm ",2018-01-27 8:32:18,Ericmuleproduct
37,9,0,3,Story izibika #tizibika #ZambeziMagic . 8th Februarypic.twitter.com/Q5gjYZcBx6,2018-01-26 18:09:11,tozy_b
38,11,0,3,"My only word is ""Watch""
#Tizibika pic.twitter.com/iNm4qXk5cc",2018-01-26 15:41:04,Darren_Kirec21
39,1,0,1,Are you ready for this? #Tizibika https://fb.me/11bLD490Q ,2018-01-26 12:45:05,GudiiPyne
40,2,0,1,Umuntu kwishibikwa #Tizibika #ZMTizibikapic.twitter.com/n7WVUCIH4y,2018-01-26 12:13:54,kash_talks
41,2,0,1,With #Tizibika,2018-01-25 23:42:05,Dollmulenga
42,2,0,1,"#Tizibika 
I can’t wait!!!
 #DateMyFamilyZambia",2018-01-25 18:13:43,chucky_beau
43,3,2,5,"Fam please like our #Tizibika fan pages on Facebook. Please RT as well.  @jeSuis_Amy Characters page
https://m.facebook.com/Wezi-Tizibika-251903375346888/ …",2018-01-25 4:49:37,arushapot
44,2,0,1,Been working on a project for #zambezimagic and the D-day is near!!!..am excited #tizibika… https://www.instagram.com/p/BeLOPmSARcF/ ,2018-01-21 20:41:56,Ericmuleproduct
45,9,0,4,#Tizibika...... dont miss it!! pic.twitter.com/Mll0LOJfEh,2018-01-21 11:14:11,kathlyn_47
46,7,0,3,Look out for appearances by your favourite celebrities . #Tizibika .  Don't  forget 8th Feb 22:00 hours. pic.twitter.com/Wtb0dbjRPD,2018-01-21 10:52:24,arushapot
47,6,1,2,Then @KatongoChiluba and @jeSuis_Amy are the two main actress of The show #Tizibika,2018-01-21 10:48:58,arushapot
48,7,1,3,"Makeup was by @@kathlyn_47  , who by the way did the makeup on my dp .  #Tizibika",2018-01-21 10:47:29,arushapot
49,12,1,5,"#Tizibika was created and written  by @tozy_b , @Mister_Entitled gets special mention here too ",2018-01-21 10:44:30,arushapot
50,33,2,17,"Well its finally here, set to air on The 8th of Feb on @zambezimagictv, its #Tizibika . Co Directed by yours truly.  #Divadiarys cc @tozy_bpic.twitter.com/EAGXc2HzMJ",2018-01-21 10:40:16,arushapot
51,6,1,4,"Tune in to Zambezi magic on 8 feb at 22hrs to catch the comedy #Tizibika created by @tozy_b and starring @jeSuis_Amy 
The thread below is a q&a on what the show is about
Feel free to ask more questions!https://twitter.com/Curate_Zed/status/954994362211061760 …",2018-01-21 9:33:14,Curate_Zed
52,0,1,0,"So, when does #Tizibika air, and what can we expect?",2018-01-21 9:20:11,Curate_Zed
53,5,2,7,"Hey, i didn't star in it just wrote and produced it. #tizibika is a mokumentary about two slay queens trying to become famous. So one of them 'accidentally' leaks her sex tape and the other is trying to bag herself a famous boyfriend.",2018-01-21 8:32:13,tozy_b
54,4,4,2,"@tozy_b is the star of a mockumentary show #Tizibika 
Tozya, could you tell us a little about what the show will be about?
#LetsTalkZed",2018-01-21 8:29:37,Curate_Zed
55,1,0,0,#Tizibika  https://twitter.com/tozy_b/status/954724700927741952 …,2018-01-20 21:54:49,Mtrain187
56,3,0,0,Watch #Tizibika (I act as suzyo) on @zambezimagictv starting february 8th (on thursday) at 22hrs and  repeats on Friday at 18:30.... #ZambeziMagic #zambia #ZmTizibika #series #zedtwitter,2018-01-20 16:51:12,Kaysibo1
57,7,0,3,New TV show coming to Zambezi Magic #Tizibika tell somebody to tell somebody pic.twitter.com/Tcf2wBBYpM,2018-01-20 15:45:19,Mister_Entitled
58,10,0,5,#Tizibika #ZambeziMagic coming soon!pic.twitter.com/G5NqTvVkMk,2018-01-20 15:17:14,kathlyn_47
59,2,0,0,Been working on a project for #zambezimagic and the D-day is near!!!..am excited #tizibika #aftica #zambia... https://fb.me/1EhlsZEzc ,2018-01-20 14:59:35,Ericmuleproduct
60,1,0,2,#Tizibika pic.twitter.com/Gz8JOk9Xkg,2018-01-24 22:01:32,tozy_b
61,4,0,1,Counting down! #Tizibika https://twitter.com/KatongoChiluba/status/955376670374023168 …,2018-01-22 13:00:48,Nobutu1
62,1,0,1,#Tizibika  wezi and thandi you girls are funny people this is a must watch,2018-02-11 18:20:12,Dollmulenga
63,3,1,1," I was watching #Tizibika last Thursday night, chinanibaba i couldn't tweet about it i had no data",2018-02-11 17:50:32,Siadenda3
64,3,0,0,"Incase you missed it,go and catch up.. #Tizibika #ZambeziMagicpic.twitter.com/rRtk4b6S6R",2018-02-11 11:52:11,Ericmuleproduct
65,0,0,0,Awe ise #Tizibika https://fb.me/3AJCsztc3 ,2018-02-11 9:25:36,djloso21
66,2,0,0,#Tizibika imwe Wezi has finished me ,2018-02-10 20:21:12,Muddy_Purple
67,0,1,0,Lol the one being talked about in #tizibika,2018-02-10 17:55:20,kristina_miti
68,1,0,0,I have a full clip. #tizibika,2018-02-10 17:08:59,Ericmuleproduct
69,1,2,0,"I have the link to the sextape,follow me I will share #Tizibika",2018-02-10 17:01:42,Ericmuleproduct
70,10,2,1,"#tizibika was awesome 
Thandie doesn’t talk much though 
Also because it’s a reality show,how haven’t we seen or heard about the sex tape?",2018-02-10 16:19:58,kristina_miti
71,0,0,0,@Tim_Rapper fam did you watch the  #Tizibika premier?,2018-02-10 16:14:42,Mister_Entitled
72,1,1,0,When is the next episode of #Tizibika ????,2018-02-10 15:54:41,Roxy_Hrt
73,0,0,0,#Tizibika,2018-02-10 14:15:40,Situmbeko11
74,5,0,2,#BBNaija meanwhile am thankful and grateful Cee-C is Nigerian! Zambia would have fixed her attitude before she even came to the house! We don't do satanic attitudes abeg! #Tizibika,2018-02-10 12:28:02,ThokoMaryAnne
75,3,0,1,#tizibika  Zambian Masterpiece,2018-02-10 7:44:11,PRINCE_MBOSHYA3
76,0,0,0,Woooow you did? That was awesome #Tizibika https://twitter.com/arushapot/status/961628645939871747 …,2018-02-10 4:47:46,LuanoBwalya
77,17,2,3,"Finally caught up on #Tizibika!

Yassss 
What a clever concept. Witty writing and engaging characters.",2018-02-10 4:45:06,missbwalya
78,0,0,0,"It shows on Zambezi Magic, every thursday at 22... and if you miss that, you can catch it on friday at 21.30 #Tizibika",2018-02-09 21:29:08,MondeSepo
79,4,0,2, Lol. Where do i start from. Ok. In the comedy series #tizibika the storyline is that a sex video was posted and went viral on twitter. The 2 handles I @ are good and hyping. So it made sense that they're the ones who are likely to make it trend.,2018-02-09 20:55:34,Chaingaz
80,1,0,0,Awesome great job ladies #Tizibika,2018-02-09 20:53:33,ChintuViola
81,20,2,1,When you hide the remote from everyone so you can catch #Tizibika  but Mvula ya yamba  pic.twitter.com/Mqit8vClVO,2018-02-09 20:42:41,SlimPandaBear
82,14,2,6,"Just been catching up with #tizibika..definitely setting a reminder for the next episode!yanipanga mweh,hilarious stuff ",2018-02-09 20:24:56,the_xcheqeur
83,6,1,3,@KatongoChiluba  congrats #Tizibika is ,2018-02-09 20:19:13,TheeAjay
84,0,1,0,Is #tizibika on Catch up ai ?,2018-02-09 20:04:20,CChuwi1
85,2,0,0,"Even @marianepembe was hooked,catch #tizibika every Thursday on #dstv #channel160 https://fb.me/3U7NRMyfK ",2018-02-09 20:01:28,Ericmuleproduct
86,4,0,2,"#Tizibika Not bad, just watched the repeat. Awesome stuff",2018-02-09 20:00:39,PerisMwenya
87,3,0,1,"Guys #Tizibika is hilarious.  
There's girls that actually behave like this.",2018-02-09 20:00:10,MwachiElWeirdo
88,5,0,2,Lol I loved it! Bemba is my jam #Tizibika,2018-02-09 19:59:18,Nalukui_peach87
89,3,2,3,Her video clip has gone viral on twitter. Obviously it's courtesy of @Peter_Kays and @Curate_Zed #Tizibika.,2018-02-09 19:57:39,Chaingaz
90,7,0,3,This show is literally everything #tizibika,2018-02-09 19:56:29,Novel_Cee
91,12,1,6,Catching up on this #Tizibika show... who are these girls?? I absolutely love them please!!! This show!! I love it!! ,2018-02-09 19:55:45,Kassy90
92,5,0,1,Just watching #Tizibika now  Zambian shows are booming ,2018-02-09 19:55:26,McD_101
93,6,0,2,This show is actually pretty good #Tizibika,2018-02-09 19:54:37,nyembe101
94,10,0,3,Even @MariaNepembe was hooked.. #Tizibika pic.twitter.com/AjzUIoBBSy,2018-02-09 19:51:08,Ericmuleproduct
95,4,0,0,"#Tizibika is funny consistency please.

",2018-02-09 19:50:43,Symo_X_2pulZ
96,6,0,3,#Tizibika is an amazing ,2018-02-09 19:49:57,MU54M4
97,3,0,1,#tizibika ,2018-02-09 19:47:28,Novel_Cee
98,6,0,4,#tizibika may you live long ,2018-02-09 19:46:46,mulengachibunda
99,3,2,1,@Nalozi @tutusaysso you need to check out #Tizibika. Awe aka kena kasuma. ,2018-02-09 19:46:37,mitch_hamalwa
100,6,0,4,loving the confidence these two ladies have on #tizibika ,2018-02-09 19:46:30,SangaTembo
101,0,0,0,After so much hype I'm here trying to watch this #Tizibika ... ,2018-02-09 19:46:21,WisemanSoko
102,5,0,2,#tizibika relating pa saliz level. I love this. Na uniform yaba St. Anne! ,2018-02-09 19:46:01,mulengachibunda
103,4,0,3,This #Tizibika show is on point. Well done @arushapot @Mister_Entitled,2018-02-09 19:45:44,mitch_hamalwa
104,4,0,4,"I was sad I missed #Tizibika.... 
I'm so happy I've caught it.  These ladies are priceless.  Love it already. 
And I have new love for Amanda aka Wezi lol yaba...",2018-02-09 19:44:12,Lud0freshe
105,6,1,4,@Mtrain187 I see you #tizibika,2018-02-09 19:43:44,MattyShawtie
106,8,0,4,@zambezimagictv Please #Tizibika should have no commercials like bwangu bwangu please tutambeko quality TV..     kweena,2018-02-09 19:43:00,Wolf92327
107,1,1,1,I know that feel. Same applies to #tizibika https://twitter.com/Luyandoo_/status/962042350255013890 …,2018-02-09 19:40:38,Frazer_Mtine
108,1,1,0,So some slay queens even have stable jobs? Slaying is a culture.  #Tizibika.,2018-02-09 19:39:48,Chaingaz
109,2,0,2,Can we have it everyday? It's been eight minutes and am sold. #Tizibika,2018-02-09 19:39:21,joyfullyfrances
110,0,0,0,Same feel when I watched #tizibika https://twitter.com/katakala/status/962041905021440000 …,2018-02-09 19:38:14,Frazer_Mtine
111,2,0,1,#Tizibika is lit,2018-02-09 19:37:53,mulengachibunda
112,3,0,1,Wezi is special #Tizibika,2018-02-09 19:36:53,linahdaizy
113,3,0,1,#Tizibika winning on Zambezi magic,2018-02-09 19:36:14,Fresh_Isthename
114,6,0,3,#tizibika be on another level. It's looks ...something fresh!,2018-02-09 19:35:15,mulengachibunda
115,5,1,2,"Tutambeko #Tizibika nomba, I love it  these girls are precious.",2018-02-09 19:34:24,joyfullyfrances
116,4,0,1,By the way in case you missed it last night #Tizibika is on now,2018-02-09 19:31:38,luchi7
117,0,0,0,"@zambezimagictv bring the good, the bad and the ugly. What the banana is #Vina  please next to #Tizibika",2018-02-09 19:30:34,djloso21
118,0,0,0,"patiently waiting to watch #Tizibika, it had better be worth it.",2018-02-09 19:30:27,mulengachibunda
119,6,1,4,Guys sorry #Tizibika repeat is actually on at 21:30 on @zambezimagictv Tonight.,2018-02-09 18:46:58,arushapot
120,10,0,4,"ICYMI: Catch the repeat of Zambia's newest mock-reality show #Tizibika this Friday at 21:30 CAT; and witness #WeziTizibika's attempt at fame.
#ZambeziMagichttps://cards.twitter.com/cards/18ce53zjjs9/5bo75 …",2018-02-09 14:19:29,zambezimagictv
121,0,0,0,Am so loving this #tizibika,2018-02-09 10:38:06,NatashaNana8
122,8,0,2,My TL filled with all these #Zuba #tizibika and #Fever tweets and I can’t relate coz dololo dstv. pic.twitter.com/eUUHpqXzh4,2018-02-08 22:00:34,BwalyaYamba
123,6,0,3,#tizibika I love these girls,2018-02-08 21:54:28,joannaakuzike
124,6,1,3,Good things are meant to be enjoyed and talked about.....#Tizibika imwe,2018-02-08 21:46:08,Zambianated_OmA
125,9,2,2,I was dying the whole way! Im so proud of you @KatongoChiluba and Wezi! This is just great!!! Thank you @zambezimagictv for #tizibika,2018-02-08 21:31:19,itsEstherChungu
126,10,0,4,"Make some noise for yourself if you retweeted, liked or used the hashtag #Tizibika to send the show trending at no.1 #Zambia Tune in next week same time for the #SlayQueenChronicles",2018-02-08 21:29:52,ZambiazHarshTag
127,9,0,5,"#Tizibika has the versatility of lumanda, yo salula yo boiler ne yaku sashila,,, just can't get enough... No TV but hey I have a friend who has one.. #glued...",2018-02-08 21:29:20,Wolf92327
128,11,0,4,@KatongoChiluba nice #TizibakaSexTape  ise #Tizibika pic.twitter.com/79XWcyMm1R,2018-02-08 21:26:34,djloso21
129,9,0,2,"Zed twittter is trending with #zuba nad #tizibika...this is so wakandan,,,,,,,yes!",2018-02-08 21:23:13,Nizaismyname
130,6,0,3,"This show is great. The acting is on point too. Well done 

#Tizibika",2018-02-08 21:19:18,am_hmbx
131,6,2,3,@tozy_b @arushapot Congrat's on #Tizibika i haven't seen it yet but the feedback has been astounding well deserved!,2018-02-08 21:14:50,Samm_Sid
132,6,0,2,#tizibika time well spent,2018-02-08 21:13:44,bwalyaandrew
133,4,0,2,#tizibika  pilot episode “so far so good”,2018-02-08 21:11:25,Nizaismyname
134,11,1,6,Looking at all the tweets about #tizibika and all can see is how cool it is to run a sentiment analysis of them and plot a bar chart  comparing  negative & positive reviews. With the hope to build a Machine Learning model that predict which shows might be popular with ZedTwitter pic.twitter.com/Om8TTr4bdH,2018-02-08 21:06:49,mbuyu_
135,4,0,2,#Tizibika ,2018-02-08 21:06:20,Lady_Beast18
136,41,1,16,With ZNBCTv no longer having the monopoly on artistic expression. the film industry in Zambia is finally growing and flourishing.#Tizibika #Zuba #fever #dorika etc,2018-02-08 21:04:44,TiganaChileshe
137,3,0,1,Awe iliko. . We appreciate it as well that's how you grow #Tizibika,2018-02-08 21:04:39,arushapot
138,1,1,1,@tozy_b what time is the repeat of #Tizibika ?,2018-02-08 21:04:33,KasaziLungu
139,3,1,2,No negative feedback... The show is too  #Tizibika eh pulogulam,2018-02-08 21:00:03,ZambiazHarshTag
140,123,2,24,"Everyone who watched, twitted thank you soo much. My show is trending on twitter aaaahhhhhhhh

#tizibika
",2018-02-08 20:59:34,tozy_b
141,11,0,5,"#Tizibika i love our two leading ladies @KatongoChiluba and @jeSuis_Amy 
For bookings and inquiries, DM me ",2018-02-08 20:58:11,Mister_Entitled
142,12,0,3,#Tizibika #Zuba... Very Impressive..#Respect,2018-02-08 20:56:52,Aaron_Sankwana
143,21,0,8,I think Zambezi Magic was trying to compensate for date my family and brought #Tizibika . We forgive you. Well done @tozy_b  #ZambeziMagic has given me the best TV week experience in my Zambian TV watching history. ,2018-02-08 20:54:58,isala_lu
144,6,0,3,"Twalishiba ati mwalikaba ba #Zambia! Please, no copying and pasting the #Tizibika situation please.",2018-02-08 20:54:17,ZambiazHarshTag
145,13,1,8,"@tozy_b is the heart and soul of #Tizibika 
These are the hidden talents we have in Zambia ",2018-02-08 20:54:15,Mister_Entitled
146,3,1,3,#Tizibika pic.twitter.com/0hEX0MmPDS,2018-02-08 20:52:23,DarealysTawanda
147,10,1,3,#Tizibika i love the show so proud of you chiluba,2018-02-08 20:51:48,RacheaRm
148,5,0,2,Well done to you all. Not watched it but followed through the Twitter reception. Sounds like #Tizibika is off to a brilliant start. https://twitter.com/tozy_b/status/961703023381745664 …,2018-02-08 20:51:39,AfriWoman
149,9,1,1,We appreciate both the positive and the negative feedback  #Tizibika,2018-02-08 20:48:20,arushapot
150,4,1,4,"I don't mind being a couch potato weh, the shows are good  #tizibika #Zubahttps://twitter.com/RockMKaka/status/961701949681913856 …",2018-02-08 20:48:12,Mizz_Chichy
151,8,0,2,That shit was hilarious  #Tizibika,2018-02-08 20:47:32,Mr_Chola
152,75,3,24,Of all of this weeks new shows on Channel 160 #Tizibika wins ,2018-02-08 20:47:27,luchi7
153,5,1,3,*Drum roll* for the director of #Tizibika @arushapot in dead ,2018-02-08 20:46:40,ZambiazHarshTag
154,8,0,4,@arushapot is the director of #tizibika. Honestly I have to give credit where it's due. This kind of talent needs to be echoed,2018-02-08 20:45:56,tabbethsainte
155,2,1,1,#Tizibika https://twitter.com/DarealysTawanda/status/961701907088723973 …,2018-02-08 20:44:57,DarealysTawanda
156,4,1,4,Mukwete ama shinga? #TizibakaSexTape in HD on deck. DM for details... Accepting mobile money and e-wallet... Namunfwa #Tizibika  te yabana iya bena Martin.,2018-02-08 20:43:47,ZambiazHarshTag
157,2,2,1,Chuff @tozy_b  ine l just yell action. #Tizibika,2018-02-08 20:42:49,arushapot
158,16,0,4,"#Tizibika  noti DMF zambia,cool stuff",2018-02-08 20:41:34,Zambianated_OmA
159,3,1,2,The show is a hit @tozy_b #Tizibika,2018-02-08 20:41:15,DarealysTawanda
160,74,8,11,"Thank you to everyone who watched #Tizibika , we appreciate the feedback.  Thank you so much.  There is a repeat tomorrow at 18:30. ",2018-02-08 20:38:45,arushapot
161,10,2,3,Who do I speak to about "guest appearing" on #tizibika ,2018-02-08 20:38:42,Tashy_WashyXO
162,8,0,5,I'd like to thank @zambezimagictv for giving us such a show! #Tizibika is such a hit and I loved every minute of it!,2018-02-08 20:38:36,tabbethsainte
163,17,2,9,I’m proud of everyone involved @tozy_b @arushapot @Mister_Entitled. #TIZIBIKA is BRILLIANT ,2018-02-08 20:38:02,NubianSkywalker
164,10,0,5,I couldn’t even get up to go grab my charger #Tizibika is sssssoooo good. #TGIT Zambezi magic for sure. I’m very impressed!!,2018-02-08 20:37:24,8sheetBanda_
165,8,0,3,You have a fan #Tizibika ,2018-02-08 20:37:15,Klumzyballerina
166,5,1,2,@tozy_b #Tizibika is trending! Yeah....,2018-02-08 20:36:52,Bembagirl90
167,17,0,5,The show was an insight of day to day lives and the girls really did execute it well . I'm impressed #Tizibika,2018-02-08 20:36:32,iistargirl
168,5,1,5,Congratulations @tozy_b (you're doing amazing sweetie) and the #tizibika team.,2018-02-08 20:36:26,KonNkhata
169,10,0,3,#Tizibika funny. Engaging. So much truth too. Lol. Thank you guys ,2018-02-08 20:36:00,MissMuyunda
170,17,1,12,Shout out to @tozy_b... Make some noise for @tozy_b for the amazing writing #Tizibika,2018-02-08 20:34:27,ZambiazHarshTag
171,6,0,2,Yasss what an awesome show #Tizibika,2018-02-08 20:32:19,TheZedBishop
172,30,0,9,#tizibika is just brilliant! They managed to make me laugh out loud. this is the  #zed  entertainment I need. ,2018-02-08 20:31:30,maluba96
173,14,2,6,I'm honestly beyond impressed with #Tizibika whoever is behind it kudos...,2018-02-08 20:31:18,jumaniza
174,8,1,3,Y'all still hiring ?#tizibika,2018-02-08 20:31:11,chisongo_ernest
175,24,3,6,So #Tizibika I love the concept and the two leads are good and charismatic also that opening sequence is glorious who did it?? For real that's world class. Now the problems... A thread I guess,2018-02-08 20:30:53,kiddtic
176,5,0,4,#Tizibika ,2018-02-08 20:30:47,prollyawesome22
177,18,3,7,I'm so proud of you @Mister_Entitled for #Tizibika it's a hit fam. I'm so so proud of you ,2018-02-08 20:30:12,DarealysTawanda
178,17,0,3,Zambian Tv is popping yall @zambezimagictv 160 @DStvZambia #Tizibika is something else too ,2018-02-08 20:30:04,Lungowe_Sims
179,86,1,21,I would like to thank Zambezi magic for doing the damn thing from fever to #Zuba and now #tizibika ,2018-02-08 20:29:32,iistargirl
180,6,0,1,Anyone with the link to the tape? #Tizibika,2018-02-08 20:29:29,C_jay10
181,7,2,1,Wait? Are they censoring the name Iris?!  #Tizibika,2018-02-08 20:29:08,MissMuyunda
182,2,1,1,"Imwe @KatongoChiluba is the greatest actress ever, I'm so glued to #Tizibika  its so real. Ba Charles  #ChiluForPresident",2018-02-17 22:35:18,ChimwasuChaks
183,2,1,0,"@Ericmuleproduct @kathlyn_47 @Mister_Entitled @queen_dimpled 

Guys we missed you tonight and please we have to have a #tizibika turn up night.

#zedkubekapic.twitter.com/NXtOQeHl0Y",2018-02-17 21:18:20,tozy_b
184,0,0,0,Where was I when #Tizibika premiered ,2018-02-17 13:35:38,Shanita_Claudia
185,0,0,0,"Wezi is fasting 
#Tizibika",2018-02-17 12:49:17,iam_tahlz
186,0,0,0,Now watching #Tizibika episode 1  wow,2018-02-17 12:48:02,iam_tahlz
187,1,0,0,"Wakanda! Wakanda! Wakanda! Here! There! Everywhere! 

This is what makes #Tizibika real... Lol 

Keep tweeting, Give those two girls more content",2018-02-17 11:01:58,PetersenZambia
188,1,0,0,The score is something I tend to overlook in films and TV shows so the fact that #Tizibika has that one string ost that keeps playing and I notice it isn't good. They should compose variants of it,2018-02-17 10:59:43,kiddtic
189,1,0,0,Dear #Tizibika when you are criticised take it positively. Channel it and transform it to take the show to greater heights. So far you are doing so great. Your characters are so relatable.,2018-02-17 10:20:11,mulengachibunda
190,0,0,0,Watching ep2 of #Tizibika,2018-02-17 10:19:18,kiddtic
191,2,2,0,"@arushapot Hun, why is #Tizibika on so late? We need it moved earlier, are they trying to kill your show?",2018-02-17 5:51:47,missbwalya
192,2,0,1,"When you hear the sale is on Friday 23rd and you had no idea.. #Tizibika
 Riverside Ex Zambezi Way near UCZ
 Items 
Rt for awareness pic.twitter.com/2dsbOLvvuX",2018-02-16 22:11:11,MwamwaT
193,1,0,2,Watched the 2nd episode of #Tizibika twice cause as usual my brain is always over thinking and I need to be certain about decisions ,2018-02-16 21:05:55,MwamwaT
194,3,2,1,#Tizibika is the ish no doubt. Kaya what the rest are doing giving us substandard shows. first of all. the concepts are not original so how hard could it be to copy/paste like for like?,2018-02-16 20:13:19,iAMchisha
195,4,0,1,Just watched #tizibika for the first time and enjoyed every bit of it. This is the show to watch,2018-02-16 20:01:29,africanbydemand
196,1,0,1,Charles is giving me life #Tizibika LOL,2018-02-16 19:58:32,iAMchisha
197,1,0,1,#tizibika this is a bit funny this kopala guy charles,2018-02-16 19:55:14,GIANT24_
198,1,0,1,"The nice thing about #Tizibika is that iss fresh, not a recycled idea like the play circle like shows that ain't even better than PlayCircle",2018-02-16 19:52:38,iAMchisha
199,3,1,2,"Currently @jeSuis_Amy
#Tizibika pic.twitter.com/iq5a1KvIUf",2018-02-16 19:48:57,heynayna
200,1,0,1,"I actually look forward to watching #Tizibika atleast, otherwise #Vina simaningi mweh.",2018-02-16 19:45:41,MwabaW
201,2,0,1,"That pallet bed, really nice @deejay_vixen looking at you #Tizibika",2018-02-16 19:45:05,iAMchisha
202,2,0,1,LOL this Charles dude on #Tizibika is extra extra Wezi na shokwa,2018-02-16 19:40:19,iAMchisha
203,2,0,1,"Charles Munalula, typical Kopala  guy. 
#tizibika",2018-02-16 19:40:19,mulengachibunda
204,1,0,1,LOL upon hearing ati K70 pin Wezi's demeanor LOL #Tizibika,2018-02-16 19:40:14,iAMchisha
205,1,0,1,Shout out to my girl Amy. You giving #Tizibika new life. Proud of you.,2018-02-16 19:37:54,malamakasanda
206,1,0,1,Watching #tizibika for the first time today and I must say I'm  can't stop ,2018-02-16 19:37:15,MwamwaT
207,1,0,1,#TIZIBIKA ,2018-02-16 19:33:13,IamDaRealJames
208,1,0,1,#tizibika ,2018-02-16 17:41:18,Mulako
209,3,0,2,Tizibika comes on too late(10pm)!!!! It should be right after Zuba please! #tizibika,2018-02-16 16:17:07,mz_obika
210,2,0,1,"Currently topping the #Trending list on #ZedTwitter:

#Tizibika",2018-02-16 12:32:55,ZedTrending
211,1,0,1,"#Tizibika is in a class of its own,  thanks #ZambesziMagic for another wonderful Zambian Show",2018-02-16 11:39:05,Mkay_Legends
212,10,0,2,"ICYMI: Check out the highlights from last night's episode of #Tizibika by clicking on the image below. 
Make sure to tune in for a repeat later tonight at 21:30 CAT
#ZambeziMagic",2018-02-16 11:16:52,zambezimagictv
213,4,0,2,#tizibika is some another level reasoning for TV. I love such minds,2018-02-16 10:24:51,PetersenZambia
214,3,2,2,@jeSuis_Amy  my namz booboo.... Lol this fireball is exactly that! Fire!!!! Love  working with you.... and taking selfies off set! #tizibika #ZambeziMagic #muaZambia #happysoulspic.twitter.com/BuhQ94JKd6,2018-02-16 10:20:37,kathlyn_47
215,2,1,1,Yeah... the Sosalas irritated me the most. Anyway when does #Tizibika show? And on what channel?,2018-02-16 8:20:07,ngoni_princesss
216,9,0,2,Thanks for the support on Tizibika show. Couldn't have done it without great directors as Nancy and Tozy.the team and actresses Wezi and Thandi are exclusive.#Tizibika,2018-02-16 7:26:03,KusalokaKabwit1
217,1,0,1,"I definitely love the concept, the two ladies are doing a great job. Kindly work on the extras/supporting actors whatever they are.#tizibika",2018-02-16 7:10:25,Mclan83
218,3,0,1,Now this is how you handle shit#Tizibika https://twitter.com/KukaMulenga/status/964237318075965441 …,2018-02-16 6:01:03,12bitPaalo
219,1,1,1,Come with me and Monde when we visit mum in Chingola lol #Tizibika,2018-02-16 5:14:35,MissNyambe
220,1,0,1,Banazikopa ninshi ba chita  aka sextape #tizibika,2018-02-16 4:56:45,kuxthedon
221,8,1,2,Me after Tizibika finishes and Vina comes on..What happened guys?#Tizibika pic.twitter.com/6xANhUK3BB,2018-02-16 4:33:07,MwambiK
222,6,0,2,can #tizibika be longer please? They're so many shows that it can replace ,2018-02-15 22:07:10,joannaakuzike
223,4,1,2,Thanks for support and am glad you enjoyed.#Tizibika,2018-02-15 22:01:03,KusalokaKabwit1
224,4,0,1,Compared to zuba #Tizibika makes more sense mweh,2018-02-15 21:43:47,NammmyK
225,4,1,1,ah ah Jangulu is Charles #Tizibika,2018-02-15 21:42:51,joannaakuzike
226,3,0,1,when they bleep out the name. We all know#Tizibika,2018-02-15 21:39:22,joannaakuzike
227,4,0,2,Yaaaasss #tizibika! When your #BaCharles does right by you..https://twitter.com/KukaMulenga/status/964251753981112321 …,2018-02-15 21:37:33,Nalahru
228,33,4,7,FINALLY watched #Tizibika its ARRRMMMAAAZZZIIINNGG!!! #wekeepmoving,2018-02-15 21:31:39,LuluHaangala
229,4,1,3,#Tizibika i would love to know the amazing director behind this cool show ...atlest #ZambeziMagic is bring us fun shows mwe,2018-02-15 21:26:29,RacheaRm
230,8,0,4,"Well Episode 2 #Tizibika not bad, I can tell that this will be my favourite show.",2018-02-15 21:24:59,MelissaShevon
231,2,0,2,@KatongoChiluba aty Tryness..#Tizibika,2018-02-15 21:17:26,MwambiK
232,2,1,2,Hehehe name change apo!  Ba Thandie.  Awe #Tizibika zoona,2018-02-15 21:12:02,Nalahru
233,6,2,2,Totally!!! That level creativity must be applauded!!! The ladies in it are soooo gorgeous and talented! I love it! It made me happy! #tizibika #ProudlyZambianhttps://twitter.com/mister_entitled/status/964231484809908224 …,2018-02-15 21:08:26,monde88
234,10,4,2," Zuba is on episode 8.. I swear I feel like u'very been watching the same episode.. back acting, irritating Zuba chick.. terrible acting.. annoying AF Zuba chick.. WTF! #Tizibika is the future",2018-02-15 21:04:34,Mister_Entitled
235,11,2,1,I second this motion! #Tizibika is IT!!!  https://twitter.com/iistargirl/status/964241555971338241 …,2018-02-15 21:03:27,monde88
236,2,0,1,Yaaaasss.  You're officially Ba Charles! Beware of Joyce but Enh. Siba jailika Baja #tizibika.,2018-02-15 20:57:42,Nalahru
237,3,1,2, umupondo kopala!!  I die this show #Tizibika,2018-02-15 20:56:54,Kassy90
238,59,1,16,Vina is rubbish. Can Zambezi magic please cancel it and make #Tizibika longer ? pic.twitter.com/PXtv6tktY9,2018-02-15 20:54:36,iistargirl
239,8,1,5,Enjoyed episode 2. Thandi and Hope am officially a fan.#Tizibika,2018-02-15 20:53:54,ThandiZV
240,8,1,3,Imwe #Tizibika I also want a Gucci bag please.  Ya this year aini.,2018-02-15 20:52:14,Nalahru
241,13,0,8,What is this show now? Bring back #tizibika,2018-02-15 20:51:44,PetersenZambia
