,likes,replies,text,timestamp,user
0,2,0,"Something fresh,something new..make a date!!.. 8th February #tizibika https://fb.me/1nG4BYabm ",2018-01-27 8:32:18,Ericmuleproduct
1,9,0,Story izibika #tizibika #ZambeziMagic . 8th Februarypic.twitter.com/Q5gjYZcBx6,2018-01-26 18:09:11,tozy_b
2,11,0,"My only word is ""Watch""
#Tizibika pic.twitter.com/iNm4qXk5cc",2018-01-26 15:41:04,Darren_Kirec21
3,1,0,Are you ready for this? #Tizibika https://fb.me/11bLD490Q ,2018-01-26 12:45:05,GudiiPyne
4,2,0,Umuntu kwishibikwa #Tizibika #ZMTizibikapic.twitter.com/n7WVUCIH4y,2018-01-26 12:13:54,kash_talks
5,2,0,With #Tizibika,2018-01-25 23:42:05,Dollmulenga
6,2,0,"#Tizibika 
I can’t wait!!!
 #DateMyFamilyZambia",2018-01-25 18:13:43,chucky_beau
7,3,2,"Fam please like our #Tizibika fan pages on Facebook. Please RT as well.  @jeSuis_Amy Characters page
https://m.facebook.com/Wezi-Tizibika-251903375346888/ …",2018-01-25 4:49:37,arushapot
8,1,0,#Tizibika pic.twitter.com/Gz8JOk9Xkg,2018-01-24 22:01:32,tozy_b
9,4,0,Counting down! #Tizibika https://twitter.com/KatongoChiluba/status/955376670374023168 …,2018-01-22 13:00:48,Nobutu1
10,3,1,#Salute my talent/acting agent @chembomusic ... God's favorite is in both these joints #Fever #Tizibika https://twitter.com/chembomusic/status/960617280517353472 …,2018-02-05 21:10:46,ZambiazHarshTag
11,20,0,"BTW, #Fever starts tomorrow! I never got to see season one. Gonna be watching all Zambian shows this year. Also #tizibika on the 8th!! #Zambia the more the merrier. ",2018-02-05 20:53:01,chembomusic
12,1,0,"Slay queening reloaded,3 more days,Dstv Channel 160. #zmtizibika #tizibika #zambezimagic #dstv… https://www.instagram.com/p/Be0PHQtgU4q/ ",2018-02-05 13:10:42,Ericmuleproduct
13,5,1,#tizibika 8th February at 22hrs on @zambezimagictvpic.twitter.com/YtTqHORj7d,2018-02-05 7:33:04,ItatiDzekedzeke
14,15,0,#tizibika pic.twitter.com/YStEqqRkq6,2018-02-05 5:55:20,tozy_b
15,5,0,8th February at 22hrs on @zambezimagictv #tizibika pic.twitter.com/iAkUpYJo5x,2018-02-04 6:33:31,tozy_b
16,1,0,#tizibika do not miss it only on zambezi magic channel 160. 22:00 on the 8th February,2018-02-03 11:24:28,Dollmulenga
17,2,0,Been working on a project for #zambezimagic and the D-day is near!!!..am excited #tizibika… https://www.instagram.com/p/BeLOPmSARcF/ ,2018-01-21 20:41:56,Ericmuleproduct
18,9,0,#Tizibika...... dont miss it!! pic.twitter.com/Mll0LOJfEh,2018-01-21 11:14:11,kathlyn_47
19,7,0,Look out for appearances by your favourite celebrities . #Tizibika .  Don't  forget 8th Feb 22:00 hours. pic.twitter.com/Wtb0dbjRPD,2018-01-21 10:52:24,arushapot
20,6,1,Then @KatongoChiluba and @jeSuis_Amy are the two main actress of The show #Tizibika,2018-01-21 10:48:58,arushapot
21,7,1,"Makeup was by @@kathlyn_47  , who by the way did the makeup on my dp .  #Tizibika",2018-01-21 10:47:29,arushapot
22,12,1,"#Tizibika was created and written  by @tozy_b , @Mister_Entitled gets special mention here too ",2018-01-21 10:44:30,arushapot
23,33,2,"Well its finally here, set to air on The 8th of Feb on @zambezimagictv, its #Tizibika . Co Directed by yours truly.  #Divadiarys cc @tozy_bpic.twitter.com/EAGXc2HzMJ",2018-01-21 10:40:16,arushapot
24,6,1,"Tune in to Zambezi magic on 8 feb at 22hrs to catch the comedy #Tizibika created by @tozy_b and starring @jeSuis_Amy 
The thread below is a q&a on what the show is about
Feel free to ask more questions!https://twitter.com/Curate_Zed/status/954994362211061760 …",2018-01-21 9:33:14,Curate_Zed
25,0,1,"So, when does #Tizibika air, and what can we expect?",2018-01-21 9:20:11,Curate_Zed
26,5,2,"Hey, i didn't star in it just wrote and produced it. #tizibika is a mokumentary about two slay queens trying to become famous. So one of them 'accidentally' leaks her sex tape and the other is trying to bag herself a famous boyfriend.",2018-01-21 8:32:13,tozy_b
27,4,4,"@tozy_b is the star of a mockumentary show #Tizibika 
Tozya, could you tell us a little about what the show will be about?
#LetsTalkZed",2018-01-21 8:29:37,Curate_Zed
28,1,0,#Tizibika  https://twitter.com/tozy_b/status/954724700927741952 …,2018-01-20 21:54:49,Mtrain187
29,3,0,Watch #Tizibika (I act as suzyo) on @zambezimagictv starting february 8th (on thursday) at 22hrs and  repeats on Friday at 18:30.... #ZambeziMagic #zambia #ZmTizibika #series #zedtwitter,2018-01-20 16:51:12,Kaysibo1
30,7,0,New TV show coming to Zambezi Magic #Tizibika tell somebody to tell somebody pic.twitter.com/Tcf2wBBYpM,2018-01-20 15:45:19,Mister_Entitled
31,10,0,#Tizibika #ZambeziMagic coming soon!pic.twitter.com/G5NqTvVkMk,2018-01-20 15:17:14,kathlyn_47
32,2,0,Been working on a project for #zambezimagic and the D-day is near!!!..am excited #tizibika #aftica #zambia... https://fb.me/1EhlsZEzc ,2018-01-20 14:59:35,Ericmuleproduct
33,18,0,"Going through final edits of #tizibika. I keep pinching myself, i can't believe it's almost time. ",2018-01-30 17:40:44,tozy_b
34,1,0,"Over 1000 views  thanks @Macky2umupondo. Hope you'll be watching.

#tizibika pic.twitter.com/FgQITrR4m3",2018-01-30 14:29:39,tozy_b
35,1,0,#tizibika pic.twitter.com/Ka9M6AZlw2,2018-01-30 4:59:37,Dollmulenga
36,0,0,Don't miss the drama in #Tizibika on Zambezi magic channel 160. On the 8th of February at 22:00,2018-01-29 17:16:06,Dollmulenga
37,10,0,"Learn all about slay queens,8th February,22:00 on #ZambeziMagic Dstv channel 160.. #Tizibika #slayqueening101pic.twitter.com/6c7nFRoDFI",2018-01-29 13:28:29,Ericmuleproduct
38,13,0,"#tizibika I'm in love 
Zambian productions really making me proud.",2018-02-14 22:41:18,Talu_starzz
39,2,1,We going places.  #Tizibika #eddieTheRapper,2018-02-14 5:56:20,wrsikabuli
40,6,0,...S/O to @arushapot for directing #Tizibika !! Another #Zimandola doing great things!,2018-02-13 22:27:26,kryticismusic
41,1,0,#Tizibika something giving me another reason to be glued to Zambezi magic.,2018-02-13 20:28:19,khristine_phiri
42,0,1,Just watching The First Episode Of #Tizibika ,2018-02-13 20:23:54,TongaPrince
43,0,0,"Shes right, rich people dont go to salis, they get people like me to go for them ""vintage"" lovers. #Tizibika",2018-02-13 20:13:27,Yoko3485
44,2,0,"#Tizibika  Slay queens, bragging but you just being kept ",2018-02-13 20:11:59,KeithMpuya
45,1,1,Why are they showing a repeat of #Tizibika ? Thought today was episode 2?,2018-02-13 20:05:43,HoneyJewel9
46,0,0,#Tizibika ,2018-02-13 20:02:25,Im_Ms_Waps
47,18,2,"What would you be doing this Thursday night at 22:00 CAT? #ThandieTizibika and #WeziTizibika would love to hang out with you.
So, don't leave the ladies waiting. You know it's time for #Tizibika and you know the channel.
#ZambeziMagic",2018-02-13 14:55:48,zambezimagictv
48,17,2,"I really had fun playing 'Eddie the rapper 'on #Tizibika ,I believe more big things are yet to come this year,all I ask for is patience ,big things yet to come ",2018-02-13 13:21:43,Mtrain187
49,0,1,How about I watch it on znbc explain when you watch #tizibika on nick jr,2018-02-12 21:55:37,SlimPandaBear
50,3,0,#Tizibika https://twitter.com/PRGirlMedia/status/963073020255457280 …,2018-02-12 18:19:19,MaceWimbu
51,3,0,Listening to @jeSuis_Amy & @KatongoChiluba on hot fm spreading good vibes #Tizibika,2018-02-12 6:13:26,Komana_MN
52,30,0,Such a pleasure working with @KatongoChiluba on #Tizibika #ZambeziMagic  ... she made my job easy #makeup #mua #muaZambiapic.twitter.com/u0P7fk7a8j,2018-02-12 5:47:16,kathlyn_47
53,5,0,can #tizibika be longer please? They're so many shows that it can replace ,2018-02-15 22:07:10,joannaakuzike
54,3,1,Thanks for support and am glad you enjoyed.#Tizibika,2018-02-15 22:01:03,KusalokaKabwit1
55,3,0,Compared to zuba #Tizibika makes more sense mweh,2018-02-15 21:43:47,NammmyK
56,3,1,ah ah Jangulu is Charles #Tizibika,2018-02-15 21:42:51,joannaakuzike
57,2,0,when they bleep out the name. We all know#Tizibika,2018-02-15 21:39:22,joannaakuzike
58,3,0,Yaaaasss #tizibika! When your #BaCharles does right by you..https://twitter.com/KukaMulenga/status/964251753981112321 …,2018-02-15 21:37:33,Nalahru
59,26,4,FINALLY watched #Tizibika its ARRRMMMAAAZZZIIINNGG!!! #wekeepmoving,2018-02-15 21:31:39,LuluHaangala
60,3,1,#Tizibika i would love to know the amazing director behind this cool show ...atlest #ZambeziMagic is bring us fun shows mwe,2018-02-15 21:26:29,RacheaRm
61,7,0,"Well Episode 2 #Tizibika not bad, I can tell that this will be my favourite show.",2018-02-15 21:24:59,MelissaShevon
62,1,0,@KatongoChiluba aty Tryness..#Tizibika,2018-02-15 21:17:26,MwambiK
63,2,1,Hehehe name change apo!  Ba Thandie.  Awe #Tizibika zoona,2018-02-15 21:12:02,Nalahru
64,6,2,Totally!!! That level creativity must be applauded!!! The ladies in it are soooo gorgeous and talented! I love it! It made me happy! #tizibika #ProudlyZambianhttps://twitter.com/mister_entitled/status/964231484809908224 …,2018-02-15 21:08:26,monde88
65,8,4," Zuba is on episode 8.. I swear I feel like u'very been watching the same episode.. back acting, irritating Zuba chick.. terrible acting.. annoying AF Zuba chick.. WTF! #Tizibika is the future",2018-02-15 21:04:34,Mister_Entitled
66,11,2,I second this motion! #Tizibika is IT!!!  https://twitter.com/iistargirl/status/964241555971338241 …,2018-02-15 21:03:27,monde88
67,2,0,Yaaaasss.  You're officially Ba Charles! Beware of Joyce but Enh. Siba jailika Baja #tizibika.,2018-02-15 20:57:42,Nalahru
68,3,1, umupondo kopala!!  I die this show #Tizibika,2018-02-15 20:56:54,Kassy90
69,49,1,Vina is rubbish. Can Zambezi magic please cancel it and make #Tizibika longer ? pic.twitter.com/PXtv6tktY9,2018-02-15 20:54:36,iistargirl
70,8,1,Enjoyed episode 2. Thandi and Hope am officially a fan.#Tizibika,2018-02-15 20:53:54,ThandiZV
71,8,1,Imwe #Tizibika I also want a Gucci bag please.  Ya this year aini.,2018-02-15 20:52:14,Nalahru
72,12,0,What is this show now? Bring back #tizibika,2018-02-15 20:51:44,PetersenZambia
73,5,2,"#tizibika
Wait is this Hope?
From Hope and Chi’s breakfast show? 

Finally a face to the blonde moments !!!!",2018-02-15 20:50:28,chucky_beau
74,11,1,#Tizibika S01E02  @tozy_b @arushapot @jeSuis_Amy @KatongoChiluba @Ericmuleproduct @kathlyn_47 ,2018-02-15 20:50:24,Mister_Entitled
75,4,1,Like the jogging? Then the dancing? Then the gym? Akant  they actually thought we would fall for the "let's air this after #Tizibika" trick ,2018-02-15 20:49:28,Tashy_WashyXO
76,6,1,Lol fam  no Jerabos allowed #tizibika,2018-02-15 20:49:02,KukaMulenga
77,2,1,I stopped watching after they started jogging to the gym. It's a downgrade after #tizibika,2018-02-15 20:48:56,mis_kapxy
78,11,2,#Tizibika is refreshing. Different from the usual.,2018-02-15 20:47:24,ProudlyZambian
79,10,0,Elo they hide their “ba Charles” as though they don’t lowkey fight each other for a “ba charles” #tizibika #ZMComedyhttps://twitter.com/kristina_miti/status/964235272723533825 …,2018-02-15 20:47:18,maluba96
80,10,0,"#Tizibika it's like watching two broke girls,I love it.",2018-02-15 20:46:19,MundikeSiangom1
81,3,0,"Lol 

Ati akosomola nayo 

1998
1978
1968

Zappa #tizibika",2018-02-15 20:45:01,PetersenZambia
82,10,0,2018 Be sure you're the one buying your girls wigs and not a 'Ba Charles!'  #Tizibika,2018-02-15 20:40:48,McD_101
83,11,1,"#Tizibika is the best thing thats happened to Zambia....
Proud of u @KatongoChiluba
",2018-02-15 20:40:48,annitwani
84,9,1,"#Tizibika I can't say it enough, this show is so good. Ba Charles representing for jerabos finshi mwingabeba!",2018-02-15 20:38:33,jumaniza
85,8,1,"#tizibika catch me on the telly every Thursday at 22:00hrs
Today's episode though 'ba Charles' 
I absolutely love it...",2018-02-15 20:38:27,Talu_starzz
86,25,6,The way guys slide in DMs please...pictures like this are relevant #tizibika  pic.twitter.com/Qw54z4JOky,2018-02-15 20:37:45,KukaMulenga
87,18,2,How some of these women lowkey date a good “ba charles”....we’ve seen your secrets  #Tizibika #ZMComedy,2018-02-15 20:37:04,maluba96
88,30,1,Here I am thinking my parents would be asking questions during the episode. My dad starts telling me about the episode I missed last week  #tizibika you have fans in this house,2018-02-15 20:35:28,MsRettaLi
89,2,0,Feeling all kinds of FOMO #tizibika ,2018-02-15 20:34:06,ChiqqaShanna
90,3,0,If you are watching #tizibika you need to vote https://twitter.com/TopZedBrands/status/961740889663115264 …,2018-02-15 20:33:33,TopZedBrands
91,5,1,Bc dat ting goes skrrrrrrPAP-PAP in the preliminary period of cooking/boiling it. #Tizibika,2018-02-15 20:33:07,MissZambia
92,7,0,#Tizibika is done now.. while we recover let's watch this girl jog,2018-02-15 20:32:32,Mister_Entitled
93,23,1,"#tizibika  needed to be like #zuba 
Can’t be waiting for this slay queen drama once a week ",2018-02-15 20:32:06,kristina_miti
94,7,1,"But on the real, Charles would beat me in ten minutes, I would be laughing at him #Jerabo #Tizibika",2018-02-15 20:31:47,kaffie_latte
95,25,2,Noooooooo!! Someone petition for #tizibika to be extended to an hour,2018-02-15 20:30:27,Novel_Cee
96,5,0,Ati Ba Charles is giving  #Tizibika #ZMComedy,2018-02-15 20:30:15,maluba96
97,7,0, "The oven is clean?" #tizibika,2018-02-15 20:29:50,KonNkhata
98,7,0,Ba Joyce!! After laughing #Tizibika,2018-02-15 20:29:46,MsRettaLi
99,5,0,"Lmao this is how ya'll bampula ma buyer
#Tizibika",2018-02-15 20:29:44,Klumzyballerina
100,24,1,"I know of so many Lusaka girls that have stolen eachothers “Ba Charles” 
It’s a shame 
#tizibika",2018-02-15 20:29:38,kristina_miti
101,4,0,Yachinja eshina to ba Charles? Mwelesa #Tizibika,2018-02-15 20:29:26,bwalya_mc
102,9,0,"Old Vintage! Lol 1968 | 
Pa Location | Instagram Followers | Jerabo | #Tizibika",2018-02-15 20:29:14,PetersenZambia
103,5,0," Guys, Charles has ghosted.  #Tizibika",2018-02-15 20:29:02,NubianSkywalker
104,4,0,Nhhii friends like joyce #tizibika,2018-02-15 20:28:49,KingZing_
105,8,0,Charles has made my night #Tizibika...kabwita,2018-02-15 20:28:41,Chilu_Tk
106,9,0,Eheeeeeeeeeeeeee. These friends we have #Tizibika,2018-02-15 20:28:12,Novel_Cee
107,6,0,Joyce abampula #Tizibika,2018-02-15 20:27:54,bwalya_mc
108,14,1,We would be happy to have Thandi at Hot Fm  #tizibika,2018-02-15 20:27:15,HoneyJewel9
109,2,0,#Tryness #tizibika,2018-02-15 20:26:53,Mister_Entitled
110,14,0,The tuma diary sessions are the best  #Tizibika,2018-02-15 20:26:47,NubianSkywalker
111,12,1,"Nalishebos boyfriend is a permanent bench warmer 
And she’s acting like a Wag 
#tizibika",2018-02-15 20:26:19,kristina_miti
112,6,0, Jerabo #Tizibika,2018-02-15 20:25:28,Klumzyballerina
113,8,0,My TL filled with all these #Zuba #tizibika and #Fever tweets and I can’t relate coz dololo dstv. pic.twitter.com/eUUHpqXzh4,2018-02-08 22:00:34,BwalyaYamba
114,6,0,#tizibika I love these girls,2018-02-08 21:54:28,joannaakuzike
115,6,1,Good things are meant to be enjoyed and talked about.....#Tizibika imwe,2018-02-08 21:46:08,Zambianated_OmA
116,9,2,I was dying the whole way! Im so proud of you @KatongoChiluba and Wezi! This is just great!!! Thank you @zambezimagictv for #tizibika,2018-02-08 21:31:19,itsEstherChungu
117,10,0,"Make some noise for yourself if you retweeted, liked or used the hashtag #Tizibika to send the show trending at no.1 #Zambia Tune in next week same time for the #SlayQueenChronicles",2018-02-08 21:29:52,ZambiazHarshTag
118,9,0,"#Tizibika has the versatility of lumanda, yo salula yo boiler ne yaku sashila,,, just can't get enough... No TV but hey I have a friend who has one.. #glued...",2018-02-08 21:29:20,Wolf92327
119,11,0,@KatongoChiluba nice #TizibakaSexTape  ise #Tizibika pic.twitter.com/79XWcyMm1R,2018-02-08 21:26:34,djloso21
120,9,0,"Zed twittter is trending with #zuba nad #tizibika...this is so wakandan,,,,,,,yes!",2018-02-08 21:23:13,Nizaismyname
121,6,0,"This show is great. The acting is on point too. Well done 

#Tizibika",2018-02-08 21:19:18,am_hmbx
122,6,2,@tozy_b @arushapot Congrat's on #Tizibika i haven't seen it yet but the feedback has been astounding well deserved!,2018-02-08 21:14:50,Samm_Sid
123,6,0,#tizibika time well spent,2018-02-08 21:13:44,bwalyaandrew
124,4,0,#tizibika  pilot episode “so far so good”,2018-02-08 21:11:25,Nizaismyname
125,11,1,Looking at all the tweets about #tizibika and all can see is how cool it is to run a sentiment analysis of them and plot a bar chart  comparing  negative & positive reviews. With the hope to build a Machine Learning model that predict which shows might be popular with ZedTwitter pic.twitter.com/Om8TTr4bdH,2018-02-08 21:06:49,mbuyu_
126,4,0,#Tizibika ,2018-02-08 21:06:20,Lady_Beast18
127,41,1,With ZNBCTv no longer having the monopoly on artistic expression. the film industry in Zambia is finally growing and flourishing.#Tizibika #Zuba #fever #dorika etc,2018-02-08 21:04:44,TiganaChileshe
128,3,0,Awe iliko. . We appreciate it as well that's how you grow #Tizibika,2018-02-08 21:04:39,arushapot
129,1,1,@tozy_b what time is the repeat of #Tizibika ?,2018-02-08 21:04:33,KasaziLungu
130,3,1,No negative feedback... The show is too  #Tizibika eh pulogulam,2018-02-08 21:00:03,ZambiazHarshTag
131,123,2,"Everyone who watched, twitted thank you soo much. My show is trending on twitter aaaahhhhhhhh

#tizibika
",2018-02-08 20:59:34,tozy_b
132,11,0,"#Tizibika i love our two leading ladies @KatongoChiluba and @jeSuis_Amy 
For bookings and inquiries, DM me ",2018-02-08 20:58:11,Mister_Entitled
133,12,0,#Tizibika #Zuba... Very Impressive..#Respect,2018-02-08 20:56:52,Aaron_Sankwana
134,21,0,I think Zambezi Magic was trying to compensate for date my family and brought #Tizibika . We forgive you. Well done @tozy_b  #ZambeziMagic has given me the best TV week experience in my Zambian TV watching history. ,2018-02-08 20:54:58,isala_lu
135,6,0,"Twalishiba ati mwalikaba ba #Zambia! Please, no copying and pasting the #Tizibika situation please.",2018-02-08 20:54:17,ZambiazHarshTag
136,13,1,"@tozy_b is the heart and soul of #Tizibika 
These are the hidden talents we have in Zambia ",2018-02-08 20:54:15,Mister_Entitled
137,3,1,#Tizibika pic.twitter.com/0hEX0MmPDS,2018-02-08 20:52:23,DarealysTawanda
138,10,1,#Tizibika i love the show so proud of you chiluba,2018-02-08 20:51:48,RacheaRm
139,5,0,Well done to you all. Not watched it but followed through the Twitter reception. Sounds like #Tizibika is off to a brilliant start. https://twitter.com/tozy_b/status/961703023381745664 …,2018-02-08 20:51:39,AfriWoman
140,9,1,We appreciate both the positive and the negative feedback  #Tizibika,2018-02-08 20:48:20,arushapot
141,4,1,"I don't mind being a couch potato weh, the shows are good  #tizibika #Zubahttps://twitter.com/RockMKaka/status/961701949681913856 …",2018-02-08 20:48:12,Mizz_Chichy
142,8,0,That shit was hilarious  #Tizibika,2018-02-08 20:47:32,Mr_Chola
143,75,3,Of all of this weeks new shows on Channel 160 #Tizibika wins ,2018-02-08 20:47:27,luchi7
144,5,1,*Drum roll* for the director of #Tizibika @arushapot in dead ,2018-02-08 20:46:40,ZambiazHarshTag
145,8,0,@arushapot is the director of #tizibika. Honestly I have to give credit where it's due. This kind of talent needs to be echoed,2018-02-08 20:45:56,tabbethsainte
146,2,1,#Tizibika https://twitter.com/DarealysTawanda/status/961701907088723973 …,2018-02-08 20:44:57,DarealysTawanda
147,4,1,Mukwete ama shinga? #TizibakaSexTape in HD on deck. DM for details... Accepting mobile money and e-wallet... Namunfwa #Tizibika  te yabana iya bena Martin.,2018-02-08 20:43:47,ZambiazHarshTag
148,2,2,Chuff @tozy_b  ine l just yell action. #Tizibika,2018-02-08 20:42:49,arushapot
149,16,0,"#Tizibika  noti DMF zambia,cool stuff",2018-02-08 20:41:34,Zambianated_OmA
150,3,1,The show is a hit @tozy_b #Tizibika,2018-02-08 20:41:15,DarealysTawanda
151,74,8,"Thank you to everyone who watched #Tizibika , we appreciate the feedback.  Thank you so much.  There is a repeat tomorrow at 18:30. ",2018-02-08 20:38:45,arushapot
152,10,2,Who do I speak to about "guest appearing" on #tizibika ,2018-02-08 20:38:42,Tashy_WashyXO
153,8,0,I'd like to thank @zambezimagictv for giving us such a show! #Tizibika is such a hit and I loved every minute of it!,2018-02-08 20:38:36,tabbethsainte
154,17,2,I’m proud of everyone involved @tozy_b @arushapot @Mister_Entitled. #TIZIBIKA is BRILLIANT ,2018-02-08 20:38:02,NubianSkywalker
155,10,0,I couldn’t even get up to go grab my charger #Tizibika is sssssoooo good. #TGIT Zambezi magic for sure. I’m very impressed!!,2018-02-08 20:37:24,8sheetBanda_
156,8,0,You have a fan #Tizibika ,2018-02-08 20:37:15,Klumzyballerina
157,5,1,@tozy_b #Tizibika is trending! Yeah....,2018-02-08 20:36:52,Bembagirl90
158,17,0,The show was an insight of day to day lives and the girls really did execute it well . I'm impressed #Tizibika,2018-02-08 20:36:32,iistargirl
159,5,1,Congratulations @tozy_b (you're doing amazing sweetie) and the #tizibika team.,2018-02-08 20:36:26,KonNkhata
160,10,0,#Tizibika funny. Engaging. So much truth too. Lol. Thank you guys ,2018-02-08 20:36:00,MissMuyunda
161,17,1,Shout out to @tozy_b... Make some noise for @tozy_b for the amazing writing #Tizibika,2018-02-08 20:34:27,ZambiazHarshTag
162,6,0,Yasss what an awesome show #Tizibika,2018-02-08 20:32:19,TheZedBishop
163,29,0,#tizibika is just brilliant! They managed to make me laugh out loud. this is the  #zed  entertainment I need. ,2018-02-08 20:31:30,maluba96
164,14,2,I'm honestly beyond impressed with #Tizibika whoever is behind it kudos...,2018-02-08 20:31:18,jumaniza
165,8,1,Y'all still hiring ?#tizibika,2018-02-08 20:31:11,chisongo_ernest
166,23,3,So #Tizibika I love the concept and the two leads are good and charismatic also that opening sequence is glorious who did it?? For real that's world class. Now the problems... A thread I guess,2018-02-08 20:30:53,kiddtic
167,5,0,#Tizibika ,2018-02-08 20:30:47,prollyawesome22
168,18,3,I'm so proud of you @Mister_Entitled for #Tizibika it's a hit fam. I'm so so proud of you ,2018-02-08 20:30:12,DarealysTawanda
169,17,0,Zambian Tv is popping yall @zambezimagictv 160 @DStvZambia #Tizibika is something else too ,2018-02-08 20:30:04,Lungowe_Sims
170,86,1,I would like to thank Zambezi magic for doing the damn thing from fever to #Zuba and now #tizibika ,2018-02-08 20:29:32,iistargirl
171,6,0,Anyone with the link to the tape? #Tizibika,2018-02-08 20:29:29,C_jay10
172,7,2,Wait? Are they censoring the name Iris?!  #Tizibika,2018-02-08 20:29:08,MissMuyunda
173,1,0,#Tizibika  wezi and thandi you girls are funny people this is a must watch,2018-02-11 18:20:12,Dollmulenga
174,3,1," I was watching #Tizibika last Thursday night, chinanibaba i couldn't tweet about it i had no data",2018-02-11 17:50:32,Siadenda3
175,3,0,"Incase you missed it,go and catch up.. #Tizibika #ZambeziMagicpic.twitter.com/rRtk4b6S6R",2018-02-11 11:52:11,Ericmuleproduct
176,0,0,Awe ise #Tizibika https://fb.me/3AJCsztc3 ,2018-02-11 9:25:36,djloso21
177,2,0,#Tizibika imwe Wezi has finished me ,2018-02-10 20:21:12,Muddy_Purple
178,0,1,Lol the one being talked about in #tizibika,2018-02-10 17:55:20,kristina_miti
179,1,0,I have a full clip. #tizibika,2018-02-10 17:08:59,Ericmuleproduct
180,1,2,"I have the link to the sextape,follow me I will share #Tizibika",2018-02-10 17:01:42,Ericmuleproduct
181,10,2,"#tizibika was awesome 
Thandie doesn’t talk much though 
Also because it’s a reality show,how haven’t we seen or heard about the sex tape?",2018-02-10 16:19:58,kristina_miti
182,0,0,@Tim_Rapper fam did you watch the  #Tizibika premier?,2018-02-10 16:14:42,Mister_Entitled
183,1,1,When is the next episode of #Tizibika ????,2018-02-10 15:54:41,Roxy_Hrt
184,0,0,#Tizibika,2018-02-10 14:15:40,Situmbeko11
185,5,0,#BBNaija meanwhile am thankful and grateful Cee-C is Nigerian! Zambia would have fixed her attitude before she even came to the house! We don't do satanic attitudes abeg! #Tizibika,2018-02-10 12:28:02,ThokoMaryAnne
186,3,0,#tizibika  Zambian Masterpiece,2018-02-10 7:44:11,PRINCE_MBOSHYA3
187,0,0,Woooow you did? That was awesome #Tizibika https://twitter.com/arushapot/status/961628645939871747 …,2018-02-10 4:47:46,LuanoBwalya
188,17,2,"Finally caught up on #Tizibika!

Yassss 
What a clever concept. Witty writing and engaging characters.",2018-02-10 4:45:06,missbwalya
189,0,0,"It shows on Zambezi Magic, every thursday at 22... and if you miss that, you can catch it on friday at 21.30 #Tizibika",2018-02-09 21:29:08,MondeSepo
190,4,0, Lol. Where do i start from. Ok. In the comedy series #tizibika the storyline is that a sex video was posted and went viral on twitter. The 2 handles I @ are good and hyping. So it made sense that they're the ones who are likely to make it trend.,2018-02-09 20:55:34,Chaingaz
191,1,0,Awesome great job ladies #Tizibika,2018-02-09 20:53:33,ChintuViola
192,20,2,When you hide the remote from everyone so you can catch #Tizibika  but Mvula ya yamba  pic.twitter.com/Mqit8vClVO,2018-02-09 20:42:41,SlimPandaBear
193,14,2,"Just been catching up with #tizibika..definitely setting a reminder for the next episode!yanipanga mweh,hilarious stuff ",2018-02-09 20:24:56,the_xcheqeur
194,6,1,@KatongoChiluba  congrats #Tizibika is ,2018-02-09 20:19:13,TheeAjay
195,0,1,Is #tizibika on Catch up ai ?,2018-02-09 20:04:20,CChuwi1
196,2,0,"Even @marianepembe was hooked,catch #tizibika every Thursday on #dstv #channel160 https://fb.me/3U7NRMyfK ",2018-02-09 20:01:28,Ericmuleproduct
197,4,0,"#Tizibika Not bad, just watched the repeat. Awesome stuff",2018-02-09 20:00:39,PerisMwenya
198,3,0,"Guys #Tizibika is hilarious.  
There's girls that actually behave like this.",2018-02-09 20:00:10,MwachiElWeirdo
199,5,0,Lol I loved it! Bemba is my jam #Tizibika,2018-02-09 19:59:18,Nalukui_peach87
200,3,2,Her video clip has gone viral on twitter. Obviously it's courtesy of @Peter_Kays and @Curate_Zed #Tizibika.,2018-02-09 19:57:39,Chaingaz
201,7,0,This show is literally everything #tizibika,2018-02-09 19:56:29,Novel_Cee
202,12,1,Catching up on this #Tizibika show... who are these girls?? I absolutely love them please!!! This show!! I love it!! ,2018-02-09 19:55:45,Kassy90
203,5,0,Just watching #Tizibika now  Zambian shows are booming ,2018-02-09 19:55:26,McD_101
204,6,0,This show is actually pretty good #Tizibika,2018-02-09 19:54:37,nyembe101
205,10,0,Even @MariaNepembe was hooked.. #Tizibika pic.twitter.com/AjzUIoBBSy,2018-02-09 19:51:08,Ericmuleproduct
206,4,0,"#Tizibika is funny consistency please.

",2018-02-09 19:50:43,Symo_X_2pulZ
207,6,0,#Tizibika is an amazing ,2018-02-09 19:49:57,MU54M4
208,3,0,#tizibika ,2018-02-09 19:47:28,Novel_Cee
209,6,0,#tizibika may you live long ,2018-02-09 19:46:46,mulengachibunda
210,3,2,@Nalozi @tutusaysso you need to check out #Tizibika. Awe aka kena kasuma. ,2018-02-09 19:46:37,mitch_hamalwa
211,6,0,loving the confidence these two ladies have on #tizibika ,2018-02-09 19:46:30,SangaTembo
212,0,0,After so much hype I'm here trying to watch this #Tizibika ... ,2018-02-09 19:46:21,WisemanSoko
213,5,0,#tizibika relating pa saliz level. I love this. Na uniform yaba St. Anne! ,2018-02-09 19:46:01,mulengachibunda
214,4,0,This #Tizibika show is on point. Well done @arushapot @Mister_Entitled,2018-02-09 19:45:44,mitch_hamalwa
215,4,0,"I was sad I missed #Tizibika.... 
I'm so happy I've caught it.  These ladies are priceless.  Love it already. 
And I have new love for Amanda aka Wezi lol yaba...",2018-02-09 19:44:12,Lud0freshe
216,6,1,@Mtrain187 I see you #tizibika,2018-02-09 19:43:44,MattyShawtie
217,8,0,@zambezimagictv Please #Tizibika should have no commercials like bwangu bwangu please tutambeko quality TV..     kweena,2018-02-09 19:43:00,Wolf92327
218,1,1,I know that feel. Same applies to #tizibika https://twitter.com/Luyandoo_/status/962042350255013890 …,2018-02-09 19:40:38,Frazer_Mtine
219,1,1,So some slay queens even have stable jobs? Slaying is a culture.  #Tizibika.,2018-02-09 19:39:48,Chaingaz
220,2,0,Can we have it everyday? It's been eight minutes and am sold. #Tizibika,2018-02-09 19:39:21,joyfullyfrances
221,0,0,Same feel when I watched #tizibika https://twitter.com/katakala/status/962041905021440000 …,2018-02-09 19:38:14,Frazer_Mtine
222,2,0,#Tizibika is lit,2018-02-09 19:37:53,mulengachibunda
223,3,0,Wezi is special #Tizibika,2018-02-09 19:36:53,linahdaizy
224,3,0,#Tizibika winning on Zambezi magic,2018-02-09 19:36:14,Fresh_Isthename
225,6,0,#tizibika be on another level. It's looks ...something fresh!,2018-02-09 19:35:15,mulengachibunda
226,5,1,"Tutambeko #Tizibika nomba, I love it  these girls are precious.",2018-02-09 19:34:24,joyfullyfrances
227,4,0,By the way in case you missed it last night #Tizibika is on now,2018-02-09 19:31:38,luchi7
228,0,0,"@zambezimagictv bring the good, the bad and the ugly. What the banana is #Vina  please next to #Tizibika",2018-02-09 19:30:34,djloso21
229,0,0,"patiently waiting to watch #Tizibika, it had better be worth it.",2018-02-09 19:30:27,mulengachibunda
230,6,1,Guys sorry #Tizibika repeat is actually on at 21:30 on @zambezimagictv Tonight.,2018-02-09 18:46:58,arushapot
231,10,0,"ICYMI: Catch the repeat of Zambia's newest mock-reality show #Tizibika this Friday at 21:30 CAT; and witness #WeziTizibika's attempt at fame.
#ZambeziMagichttps://cards.twitter.com/cards/18ce53zjjs9/5bo75 …",2018-02-09 14:19:29,zambezimagictv
232,0,0,Am so loving this #tizibika,2018-02-09 10:38:06,NatashaNana8
